﻿<?xml version="1.0" encoding="utf-8"?><meta xmlns:xsi="http://www.w3.org/2001/XMLSchema-instance" xmlns:xsd="http://www.w3.org/2001/XMLSchema"><project id="61MaAyJe5lp" courseid="5zN5TqVVdwp_course_id" thumburl="story_content/thumbnail.jpg" title="States" datepublished="2024-03-11T04:57:46" version="1.0.0.0" flashdata="story_content/data.swf" html5data="mobile/data.json" mobiledata="mobile/data.gz" enabledownload="false" duration="About 1 minute" totalaudio="0" totalvideo="0"><description>This is a test to test mobile display of slide content. (TABLET)</description><keywords /><slidemeta moniker="slide" monikerplural="slides" viewslides="13" slidecountdescription="13 slides" /><author name="Warren" email="" website="" /><application name="Articulate Storyline" version="3.83.31444.0" xmlversion="4.0" /></project></meta>